[
  {
    "value":"1",
    "label":"单品",
    "cardName": "",
    "children":
    [
      {
        "value":"5",
        "label":"特价",
        "cardName": "",
        "children":
        []
      },
      {
        "value":"6",
        "label":"打折",
        "cardName": "",
        "children":
        [
          {
            "value":"9",
            "label":"效期折扣",
            "cardName": "discount",
            "children":
            []
          }
        ]
      },
      {
        "value":"7",
        "label":"赠品",
        "cardName": "",
        "children":
        [
          {
            "value":"6",
            "label":"送积分(倍数)",
            "cardName": "invalidGivePointmult",
            "children":
            []
          },
          {
            "value":"7",
            "label":"送积分",
            "cardName": "invalidGivePointnum",
            "children":
            []
          }
        ]
      },
      {
        "value":"2",
        "label":"组合",
        "cardName": "",
        "children":
        []
      },
      {
        "value":"3",
        "label":"整单",
        "cardName": "",
        "children":
        []
      },
      {
        "value":"4",
        "label":"支付",
        "cardName": "",
        "children":
        []
      }
    ]
  }
]
